ClassID,GenType,PosX,PosY,PosZ,Direction
1,1,119.49397,-2.6283875,1199.0809,0
2,2,-6.559355,54.286835,111.2336,180
3,3,-5.5803456,4.718108,-111.73102,-90
4,4,-15.959274,4.718109,-55.1233,0
5,5,-6.0813513,4.718109,41.64191,0
6,6,23.599277,6.875391,1063.9692,0
7,7,-3.16,6.88,1105.25,-119
