ClassID,GenType,PosX,PosY,PosZ,Direction
2,2,19,267,1161,90
3,3,21,267,-1146,270
4,4,63.746346,260.2255,8.646395,-60
5,5,-3.1775284,267.5362,1062.5392,0
6,6,193.18285,260.2255,82.64813,-90
