ClassID,GenType,PosX,PosY,PosZ,Direction
1,1,43.826244,21.6043,20.941133,0
2,2,41.37197,21.726498,-25.186218,0
3,3,441.81546,-82.07249,290.5834,-41
4,4,12.216793,0.6483388,163.2583,-10
5,5,12.216793,0.6483388,163.2583,-10
