ClassID,GenType,PosX,PosY,PosZ,Direction
1,1,46.24644,21.483795,13.83598,0
2,2,43.72981,21.609098,-19.688656,0
3,3,441.81546,-82.07249,290.5834,-41
4,4,12.216793,0.6483388,163.2583,-10
5,5,12.216793,0.6483388,163.2583,-10
