ClassID,GenType,PosX,PosY,PosZ,Direction,Name
1,1,-194.84763,0,60.901047,0,오르샤 병사 여 2
5,5,-255.6,0,-55.23,0,[TP상인]{nl}레티샤
7,7,-157.15533,0,288.80182,0,
11,9,-246.14964,0,117.08856,0,
12,10,-215.8064,0,208.56042,0,
