ClassID,GenType,PosX,PosY,PosZ,Direction
1,1,96.82263,117.59307,-2115.7156,-97
2,2,-741.6858,311.72943,-1123.8536,0
3,3,-342.00882,207.21893,945.9113,0
4,4,823.84314,207.21893,1329.0186,-160
