ClassID,GenType,PosX,PosY,PosZ,Direction,Name
1,1,777.54785,452.2046,2020.5325,93,카듀멜 절벽
2,2,1029.7817,508.60846,-1489.0547,-42,마당 고원
3,3,2131.7407,287.9069,222.47662,9,대지의 요새 전초구역
