ClassID,GenType,PosX,PosY,PosZ,Direction,Name
1,1,-1859.1738,224.25394,597.5132,148,타우마스 숲길
2,2,7.247588,178.89078,-1548.1975,-85,섹타 숲
3,3,2007.9362,178.89078,-1021.7267,0,래스보이 호숫가
4,4,107.4228,253.14111,1605.379,98,코노트 숲
