ClassID,GenType,PosX,PosY,PosZ,Direction,Name
1,1,2378.3882,347.7849,184.85239,34,마나하스
2,2,-2314.7666,289.16714,-647.9147,-105,필그림 들길
3,3,-85.97439,347.78494,1318.946,89,제단로
