ClassID,GenType,PosX,PosY,PosZ,Direction,Name
1,1,591,-75,146,0,필그림 들길
10,10,105,-75,4,315,여신 바카리네의 상
11,11,9,-56,-114,315,수녀 아이스테
13,13,201,-75,37,315,수녀 라사
15,15,320.95023,-49.580482,282.7521,-103,위저드 튤러스
16,16,506.4811,-28.62,-335.4216,0,상인2
17,17,331.35974,-75.85,-188.07776,0,증표 수집가
18,19,140.04776,-93.82877,-444.31265,0,
