ClassID,GenType,NPCID,PosX,PosY,PosZ,Direction,AnchorRange,Name
1,1,0,6,0,59,0,10,
2,2,0,-52,71,192,180,10,
22,22,0,98,0,116,0,1,
23,23,0,83.49036,0.7928,69.78707,0,10,
24,24,0,-32,0,-31,0,0,
25,25,0,28,0,-31,0,0,
26,26,0,146,0,92,0,0,
27,27,0,142,0,28,0,0,
