ClassID,GenType,PosX,PosY,PosZ,Direction
1,1,-971.0716,240.78317,869.505,0
2,2,-206.5314,149.10968,94.02247,-43
3,3,-840.4724,241.05203,84.85162,0
4,4,-162.43793,-1.1571863,-803.4096,0
5,5,669.4443,-1.1565441,133.38626,0
6,6,-235.98993,241.05203,819.2154,0
