ClassID,GenType,PosX,PosY,PosZ,Direction,Name
1,1,5451.2095,239.80832,-6240.6826,-97,큐폴3
2,2,5593.586,239.80832,-6469.392,0,CK_SOLMIKI
