ClassID,GenType,PosX,PosY,PosZ,Direction
1,1,-971.0716,240.78317,869.505,0
2,2,-206.5314,149.10968,94.02247,-43
